,Fitness,Precision,Simplicity,Generalization
0,0.8391329117135569,0.7515337423312883,0.9101123595505618,0.7777337217247742
1,0.9761526232114467,0.9762681696825868,0.7222222222222222,0.7850169637186563
2,0.954645424774446,0.6298938894987194,0.8202247191011236,0.8051685673492808
3,0.9738717339667459,0.9775549188156638,0.8333333333333333,0.8516039103390346
4,0.9532882178332649,0.4560076986527358,0.9069767441860465,0.812303824039645
5,0.8748180494905385,0.9911399881866509,0.9240506329113926,0.8073098411296449
6,0.9551331650619252,0.4511766296997566,0.8775510204081635,0.8098687511577458
7,0.8402870844829852,0.5356677221084001,0.9285714285714284,0.795225964236363
8,0.79161328125,0.9967017109874253,0.8604651162790696,0.7663948634688436
9,0.9761526232114467,0.9762681696825868,0.7222222222222222,0.7850169637186563
10,0.8748180494905385,0.9911399881866509,0.9240506329113926,0.8073098411296449
11,0.9643916913946587,0.9697732997481109,0.8947368421052632,0.8408134883139908
12,0.930599695557193,0.9892761394101877,0.7752808988764045,0.7808154027828917
13,0.7831812483719718,0.753337041156841,0.8461538461538463,0.7734716917208792
14,0.8075595924724595,0.5645325203252032,1.0,0.7738918192679075
15,0.944896369107247,0.6216577540106951,0.7647058823529413,0.7998095847344266
16,0.8775550702215269,0.7032149712092131,0.875,0.7858815113355938
17,0.9643916913946587,0.9697732997481109,0.8947368421052632,0.8408134883139908
18,0.7831812483719718,0.753337041156841,0.8461538461538463,0.7734716917208792
19,0.9750889679715302,0.9761677788369876,0.8333333333333333,0.8479354258989658
20,0.9297912713472486,0.9971198156682027,0.8399999999999999,0.7938723267850369
21,0.9074795578817116,0.9749441825849665,0.736111111111111,0.7573734131647891
22,0.9532882178332649,0.4560076986527358,0.9069767441860465,0.812303824039645
23,0.9498470948012232,0.9499105545617174,0.6842105263157894,0.7519703617727428
24,0.9030233037078509,0.6304725168756027,0.9178082191780823,0.7978746509489397
25,0.9569645732689211,0.626376045794804,0.8461538461538463,0.8085252125810592
26,0.85586971460743,0.5389221556886228,0.938144329896907,0.7862449191723953
27,0.954645424774446,0.6298938894987194,0.8202247191011236,0.8051685673492808
28,0.8690217697511843,0.9847560975609756,0.7611940298507461,0.7567582556370032
29,0.928030303030303,0.9713622291021672,0.7777777777777779,0.8033349321209045
30,0.8310149230255008,0.5290605095541401,1.0,0.7647308599196567
31,0.9126436781609195,0.9859030837004406,0.7523809523809524,0.7668175161649794
32,0.9346150004993509,0.63746826260428,0.8556701030927836,0.7932793519539472
33,0.9788359788359788,0.9890948745910578,0.8181818181818181,0.845545046988744
34,0.9074795578817116,0.9749441825849665,0.736111111111111,0.7573734131647891
35,0.85586971460743,0.5389221556886228,0.938144329896907,0.7862449191723953
36,0.9650721336370539,0.97947932618683,0.8039215686274508,0.8159290285925482
37,0.9393481922870268,0.6375958623149635,0.7938144329896907,0.7790764908221638
38,0.9270080437449432,0.9748731577675767,0.7404580152671755,0.7710659906435202
39,0.9348693312977323,0.5415193096619041,0.9459459459459462,0.8131085382865766
40,0.8054779141277504,0.5656218144750255,1.0,0.7743030826539302
41,0.864478138222849,0.6119460500963392,0.8947368421052632,0.7967718128671716
42,0.8748180494905385,0.9911399881866509,0.9240506329113926,0.8073098411296449
43,0.915751870408232,0.7024401800521203,0.8039215686274508,0.7829051305969362
44,0.829875,0.9894287456800163,0.9277108433734942,0.7871568424781924
45,0.9358546071001197,0.6477027997128499,0.8181818181818181,0.798515295804952
46,0.9574984777562127,0.9567053854276664,0.7499999999999999,0.7911039683748347
47,0.9270175438596491,0.9900542495479204,0.8105263157894738,0.7896180209241874
48,0.954645424774446,0.6298938894987194,0.8202247191011236,0.8051685673492808
49,0.954645424774446,0.6298938894987194,0.8202247191011236,0.8051685673492808
50,0.8075595924724595,0.5645325203252032,1.0,0.7738918192679075
51,0.9501414608333681,0.6319572429045337,0.8202247191011236,0.8058870524084503
52,0.9569645732689211,0.626376045794804,0.8461538461538463,0.8085252125810592
53,0.7346190062291758,0.6808290155440415,0.9090909090909091,0.7727083889729875
54,0.8848254385837415,0.7062249726974882,0.8585858585858587,0.7784781337526402
55,0.9393481922870268,0.6375958623149635,0.7938144329896907,0.7790764908221638
56,0.937224314147391,0.691257547912838,0.7948717948717947,0.7996854467851917
57,0.7638124318429662,0.30423706087422897,0.8974358974358974,0.7588092048148352
58,0.9569645732689211,0.626376045794804,0.8461538461538463,0.8085252125810592
59,0.9115273609122225,0.9835589941972921,0.7530864197530864,0.7761233393854673
60,0.8386744149394026,0.5523903889026505,0.9266055045871558,0.7759420299025521
61,0.9643916913946587,0.9697732997481109,0.8947368421052632,0.8408134883139908
62,0.7346190062291758,0.6808290155440415,0.9090909090909091,0.7727083889729875
63,0.9710376929157118,0.986362444269604,0.8153846153846154,0.8007460269577321
64,0.9594713656387666,0.9536727879799666,0.7543859649122806,0.8079247383386947
65,0.8250790305584826,0.7908603024882095,0.9277108433734942,0.768124204163356
66,0.9738717339667459,0.9775549188156638,0.8333333333333333,0.8516039103390346
67,0.9430379746835443,0.9726408532344076,0.7230769230769232,0.770979331121407
68,0.915751870408232,0.7024401800521203,0.8039215686274508,0.7829051305969362
69,0.9701616073304462,0.46460856216953783,0.875,0.8350378548251118
70,0.9139172565335638,0.636346516007533,0.8636363636363636,0.7940404940714405
71,0.9551331650619252,0.4511766296997566,0.8775510204081635,0.8098687511577458
72,0.8614782814896409,0.6083872573419612,0.851851851851852,0.7667912748196517
73,0.864478138222849,0.6119460500963392,0.8947368421052632,0.7967718128671716
74,0.9738717339667459,0.9775549188156638,0.8333333333333333,0.8516039103390346
75,0.7762667895408728,0.9864657814096016,0.911764705882353,0.7893586141037039
76,0.8634379475683418,0.9917329093799682,0.8545454545454547,0.776339239858237
77,0.8856741008639742,0.9963088280529068,0.8333333333333333,0.7803852967833199
78,0.9081081081081082,0.6315485362095532,0.8974358974358974,0.7933711904634019
79,0.9532331609240103,0.44199821189092536,0.8999999999999999,0.8114047673235328
80,0.8391329117135569,0.7515337423312883,0.9101123595505618,0.7777337217247742
81,0.9397398874601884,0.9578402366863905,0.782608695652174,0.7916513438452604
82,0.9738717339667459,0.9775549188156638,0.8333333333333333,0.8516039103390346
83,0.9643916913946587,0.9697732997481109,0.8947368421052632,0.8408134883139908
84,0.9139172565335638,0.636346516007533,0.8636363636363636,0.7940404940714405
85,0.9261006289308176,0.9786919206865937,0.7254901960784313,0.7695498238048349
86,0.9074795578817116,0.9749441825849665,0.736111111111111,0.7573734131647891
87,0.7421745211916003,0.6747832738398776,0.8888888888888888,0.7711406744280351
88,0.7691507816288475,0.2722242056408426,1.0,0.8047008518932035
89,0.9346150004993509,0.63746826260428,0.8556701030927836,0.7932793519539472
90,0.8310149230255008,0.5290605095541401,1.0,0.7647308599196567
91,0.9676487579433853,0.9602808865481677,0.7142857142857143,0.7930020479498092
92,0.862155388471178,0.7048762736535663,0.9036144578313254,0.7856326374599858
93,0.829875,0.9894287456800163,0.9277108433734942,0.7871568424781924
94,0.9574984777562127,0.9567053854276664,0.7499999999999999,0.7911039683748347
95,0.9802371541501976,0.9841961852861035,0.8181818181818181,0.8430371020189725
96,0.9139172565335638,0.636346516007533,0.8636363636363636,0.7940404940714405
97,0.9532331609240103,0.44199821189092536,0.8999999999999999,0.8114047673235328
98,0.9532882178332649,0.4560076986527358,0.9069767441860465,0.812303824039645
99,0.9074795578817116,0.9749441825849665,0.736111111111111,0.7573734131647891
100,0.9450061808869934,0.3706874842608915,0.8974358974358974,0.8092150319179334
101,0.9450061808869934,0.3706874842608915,0.8974358974358974,0.8092150319179334
102,0.8541996830427893,0.437212703719181,0.9545454545454547,0.7840089910920277
103,0.9454563948484421,0.6284275321768327,0.8082191780821919,0.7986793711540063
104,0.9738717339667459,0.9775549188156638,0.8333333333333333,0.8516039103390346
105,0.9593960804802839,0.6220270764727406,0.836734693877551,0.8090292090745669
106,0.9503025132676667,0.6964141821112007,0.7575757575757577,0.78496016436369
107,0.9081081081081082,0.6315485362095532,0.8974358974358974,0.7933711904634019
108,0.9569645732689211,0.626376045794804,0.8461538461538463,0.8085252125810592
109,0.9207936839197619,0.636056838365897,0.8526315789473685,0.7904371969275629
110,0.8297124096730516,0.7122153209109731,0.9272727272727271,0.7799516206031881
111,0.8999539862398691,0.5512227362855254,0.855072463768116,0.7824543744526639
112,0.9346150004993509,0.63746826260428,0.8556701030927836,0.7932793519539472
113,0.9788359788359788,0.9890948745910578,0.8181818181818181,0.845545046988744
114,0.9081081081081082,0.6315485362095532,0.8974358974358974,0.7933711904634019
115,0.7532678407818385,0.6847671868953953,0.9506172839506173,0.7834857067711535
116,0.8613938609110334,0.3670940170940171,0.8787878787878789,0.7973374729099925
117,0.954645424774446,0.6298938894987194,0.8202247191011236,0.8051685673492808
118,0.9677183154306972,0.4588903347923814,0.7777777777777779,0.7893202441543652
119,0.9802371541501976,0.9841961852861035,0.8181818181818181,0.8430371020189725
120,0.9091757910867909,0.7021226965243761,0.7560975609756097,0.7698315824804975
121,0.7997709923089829,0.5863710113574905,0.8305084745762713,0.7463922926346673
122,0.9503025132676667,0.6964141821112007,0.7575757575757577,0.78496016436369
123,0.8164033264033264,0.9886363636363636,0.8072289156626508,0.7571897267361087
124,0.9589637308437089,0.46219666152335526,0.9111111111111111,0.8095199947566445
125,0.9523782246111836,0.9837442427526416,0.724770642201835,0.7695760722544724
126,0.9521854489596425,0.9734113267747939,0.7118644067796611,0.7650669962635378
127,0.930599695557193,0.9892761394101877,0.7752808988764045,0.7808154027828917
128,0.7286738861973971,0.3203645285664213,1.0,0.788398323539601
129,0.7985650483396385,0.7967452673530389,0.885057471264368,0.7675570307414126
130,0.9081081081081082,0.6315485362095532,0.8974358974358974,0.7933711904634019
131,0.9738717339667459,0.9775549188156638,0.8333333333333333,0.8516039103390346
132,0.944896369107247,0.6216577540106951,0.7647058823529413,0.7998095847344266
133,0.811616235540416,0.45058599936648713,0.9658119658119657,0.7674236031148781
134,0.9628157435399413,0.5302263648468708,0.8378378378378379,0.8214862440622708
135,0.9676487579433853,0.9602808865481677,0.7142857142857143,0.7930020479498092
136,0.8541996830427893,0.437212703719181,0.9545454545454547,0.7840089910920277
137,0.9450061808869934,0.3706874842608915,0.8974358974358974,0.8092150319179334
138,0.8848254385837415,0.7062249726974882,0.8585858585858587,0.7784781337526402
139,0.9030233037078509,0.6304725168756027,0.9178082191780823,0.7978746509489397
140,0.9611070273888281,0.5449129239230064,0.7647058823529413,0.7733523771222832
141,0.7762667895408728,0.9864657814096016,0.911764705882353,0.7893586141037039
142,0.928030303030303,0.9713622291021672,0.7777777777777779,0.8033349321209045
143,0.9346150004993509,0.63746826260428,0.8556701030927836,0.7932793519539472
144,0.9761526232114467,0.9762681696825868,0.7222222222222222,0.7850169637186563
145,0.8613938609110334,0.3670940170940171,0.8787878787878789,0.7973374729099925
146,0.9738717339667459,0.9775549188156638,0.8333333333333333,0.8516039103390346
147,0.9156061620897522,0.9825960841189267,0.7342657342657343,0.7592374019491815
148,0.9081081081081082,0.6315485362095532,0.8974358974358974,0.7933711904634019
149,0.9788359788359788,0.9890948745910578,0.8181818181818181,0.845545046988744
150,0.9032376949166049,0.6990902729181245,0.7746478873239436,0.7794881430549332
151,0.9532331609240103,0.44199821189092536,0.8999999999999999,0.8114047673235328
152,0.9738717339667459,0.9775549188156638,0.8333333333333333,0.8516039103390346
153,0.9181585677749361,0.9905902480752781,0.8076923076923077,0.7862314371571475
154,0.8613938609110334,0.3670940170940171,0.8787878787878789,0.7973374729099925
155,0.9721228903150068,0.6205701685304772,0.74,0.7977941325815358
156,0.9214018720944843,0.6359743040685225,0.8526315789473685,0.7904866997155449
157,0.8775550702215269,0.7032149712092131,0.875,0.7858815113355938
158,0.9081081081081082,0.6315485362095532,0.8974358974358974,0.7933711904634019
159,0.9677183154306972,0.4588903347923814,0.7777777777777779,0.7893202441543652
160,0.8547904191616766,0.9389701207883026,0.8285714285714286,0.8058187303828032
161,0.9628157435399413,0.5302263648468708,0.8378378378378379,0.8214862440622708
162,0.9503025132676667,0.6964141821112007,0.7575757575757577,0.78496016436369
163,0.7638124318429662,0.30423706087422897,0.8974358974358974,0.7588092048148352
164,0.7683230194107233,0.05648432698217576,1.0,0.7718763738104715
165,0.7207479928221153,0.589027149321267,1.0,0.7758842162087158
166,0.9643916913946587,0.9697732997481109,0.8947368421052632,0.8408134883139908
167,0.9738717339667459,0.9775549188156638,0.8333333333333333,0.8516039103390346
168,0.9761526232114467,0.9762681696825868,0.7222222222222222,0.7850169637186563
169,0.9532882178332649,0.4560076986527358,0.9069767441860465,0.812303824039645
170,0.944784177593958,0.7026875699888018,0.902439024390244,0.8093869084547218
171,0.9569645732689211,0.626376045794804,0.8461538461538463,0.8085252125810592
172,0.8386744149394026,0.5523903889026505,0.9266055045871558,0.7759420299025521
173,0.9140012304910664,0.7071005917159763,0.7634408602150538,0.7667765589598275
174,0.9643916913946587,0.9697732997481109,0.8947368421052632,0.8408134883139908
175,0.9644012944983819,0.9680715197956578,0.8461538461538463,0.8498656764246406
176,0.944896369107247,0.6216577540106951,0.7647058823529413,0.7998095847344266
177,0.9710376929157118,0.986362444269604,0.8153846153846154,0.8007460269577321
178,0.9125442948263642,0.9922027290448343,0.826086956521739,0.7982017498783113
179,0.8524896420788792,0.5406618778860954,0.9529411764705881,0.7859988409957941
180,0.8199677469162278,0.9975535168195718,0.7611940298507461,0.7562251325611048
181,0.9569645732689211,0.626376045794804,0.8461538461538463,0.8085252125810592
182,0.8541996830427893,0.437212703719181,0.9545454545454547,0.7840089910920277
183,0.9234296590750429,0.9974271012006861,0.8350515463917526,0.794530512681609
184,0.7638124318429662,0.30423706087422897,0.8974358974358974,0.7588092048148352
185,0.9628157435399413,0.5302263648468708,0.8378378378378379,0.8214862440622708
186,0.8635139643503955,0.9875350576503583,0.851851851851852,0.7743921935949136
187,0.9081081081081082,0.6315485362095532,0.8974358974358974,0.7933711904634019
188,0.942428406529984,0.6301518438177874,0.8421052631578947,0.8211590830808626
189,0.9532882178332649,0.4560076986527358,0.9069767441860465,0.812303824039645
190,0.9569645732689211,0.626376045794804,0.8461538461538463,0.8085252125810592
191,0.9738717339667459,0.9775549188156638,0.8333333333333333,0.8516039103390346
192,0.9569645732689211,0.626376045794804,0.8461538461538463,0.8085252125810592
193,0.9234296590750429,0.9974271012006861,0.8350515463917526,0.794530512681609
194,0.8386744149394026,0.5523903889026505,0.9266055045871558,0.7759420299025521
195,0.7088030249320572,0.11065235342691992,1.0,0.7749138497065612
196,0.9574984777562127,0.9567053854276664,0.7499999999999999,0.7911039683748347
197,0.9074795578817116,0.9749441825849665,0.736111111111111,0.7573734131647891
198,0.7683230194107233,0.05648432698217576,1.0,0.7718763738104715
199,0.829875,0.9894287456800163,0.9277108433734942,0.7871568424781924
200,0.9081081081081082,0.6315485362095532,0.8974358974358974,0.7933711904634019
201,0.9220444934730649,0.698961937716263,0.8636363636363636,0.787766259001361
202,0.944784177593958,0.7026875699888018,0.902439024390244,0.8093869084547218
203,0.9070335698256908,0.9941894247530505,0.9249999999999999,0.8048068826638708
204,0.821602787456446,0.44266970907016545,0.9259259259259258,0.8119769772209624
205,0.85586971460743,0.5389221556886228,0.938144329896907,0.7862449191723953
206,0.9487733140016693,0.44853764779091476,0.7662337662337662,0.7600492892508272
207,0.7683230194107233,0.05648432698217576,1.0,0.7718763738104715
208,0.8175742386268703,0.9960865561694291,0.911764705882353,0.7885710782382658
209,0.8651367725353406,0.9924002533248891,0.7966101694915255,0.7744771745552028
210,0.9761526232114467,0.9762681696825868,0.7222222222222222,0.7850169637186563
211,0.7082311768427713,0.1109285127362366,1.0,0.7746302229952988
212,0.9081081081081082,0.6315485362095532,0.8974358974358974,0.7933711904634019
213,0.8856741008639742,0.9963088280529068,0.8333333333333333,0.7803852967833199
214,0.7985650483396385,0.7967452673530389,0.885057471264368,0.7675570307414126
215,0.9532331609240103,0.44199821189092536,0.8999999999999999,0.8114047673235328
216,0.7286738861973971,0.3203645285664213,1.0,0.788398323539601
217,0.9535817934481452,0.6235074626865671,0.8695652173913044,0.8179430701864792
218,0.9523782246111836,0.9837442427526416,0.724770642201835,0.7695760722544724
219,0.9081081081081082,0.6315485362095532,0.8974358974358974,0.7933711904634019
220,0.915751870408232,0.7024401800521203,0.8039215686274508,0.7829051305969362
221,0.8250790305584826,0.7908603024882095,0.9277108433734942,0.768124204163356
222,0.9650721336370539,0.97947932618683,0.8039215686274508,0.8159290285925482
223,0.9594713656387666,0.9536727879799666,0.7543859649122806,0.8079247383386947
224,0.7891380553782128,0.8000992884328976,0.880952380952381,0.7658312954598843
225,0.915751870408232,0.7024401800521203,0.8039215686274508,0.7829051305969362
226,0.9503025132676667,0.6964141821112007,0.7575757575757577,0.78496016436369
227,0.9644012944983819,0.9680715197956578,0.8461538461538463,0.8498656764246406
228,0.8598337661661427,0.9962001266624446,0.8297872340425531,0.7947842168091208
229,0.9261006289308176,0.9786919206865937,0.7254901960784313,0.7695498238048349
230,0.937224314147391,0.691257547912838,0.7948717948717947,0.7996854467851917
231,0.9234296590750429,0.9974271012006861,0.8350515463917526,0.794530512681609
232,0.8915546711899791,0.6905444126074498,0.7714285714285715,0.7726221615621551
233,0.7556808247841315,0.6553042370181587,0.9459459459459462,0.7901579334518642
234,0.9565763548917205,0.6295857988165681,0.7570093457943925,0.7738127972677504
235,0.9569645732689211,0.626376045794804,0.8461538461538463,0.8085252125810592
236,0.9393481922870268,0.6375958623149635,0.7938144329896907,0.7790764908221638
237,0.9738717339667459,0.9775549188156638,0.8333333333333333,0.8516039103390346
238,0.9738717339667459,0.9775549188156638,0.8333333333333333,0.8516039103390346
239,0.8552605166695758,0.5416559856447065,0.8727272727272726,0.7711039151860479
240,0.7891380553782128,0.8000992884328976,0.880952380952381,0.7658312954598843
241,0.8686107416029265,0.7054488610987049,0.9272727272727271,0.8033733371569567
242,0.862155388471178,0.7048762736535663,0.9036144578313254,0.7856326374599858
243,0.9271577328901235,0.5476937558832757,0.7647058823529413,0.7815733140821286
244,0.9676487579433853,0.9602808865481677,0.7142857142857143,0.7930020479498092
245,0.954645424774446,0.6298938894987194,0.8202247191011236,0.8051685673492808
246,0.937224314147391,0.691257547912838,0.7948717948717947,0.7996854467851917
247,0.8547904191616766,0.9389701207883026,0.8285714285714286,0.8058187303828032
248,0.7985650483396385,0.7967452673530389,0.885057471264368,0.7675570307414126
249,0.9156061620897522,0.9825960841189267,0.7342657342657343,0.7592374019491815
250,0.9156061620897522,0.9825960841189267,0.7342657342657343,0.7592374019491815
251,0.7831812483719718,0.753337041156841,0.8461538461538463,0.7734716917208792
252,0.7421745211916003,0.6747832738398776,0.8888888888888888,0.7711406744280351
253,0.8263469459836512,0.8110661268556005,0.8279569892473118,0.7725182792611898
254,0.7831714993638251,0.8047589993898718,0.8738738738738739,0.7529930266435931
255,0.9070335698256908,0.9941894247530505,0.9249999999999999,0.8048068826638708
256,0.8690217697511843,0.9847560975609756,0.7611940298507461,0.7567582556370032
257,0.9458174904942965,0.9599494097807757,0.7454545454545455,0.7976764960769724
258,0.9589637308437089,0.46219666152335526,0.9111111111111111,0.8095199947566445
259,0.937869857773552,0.9883216549883217,0.8,0.7809320255418781
260,0.9125442948263642,0.9922027290448343,0.826086956521739,0.7982017498783113
261,0.9450061808869934,0.3706874842608915,0.8974358974358974,0.8092150319179334
262,0.821602787456446,0.44266970907016545,0.9259259259259258,0.8119769772209624
263,0.9261006289308176,0.9786919206865937,0.7254901960784313,0.7695498238048349
264,0.9450061808869934,0.3706874842608915,0.8974358974358974,0.8092150319179334
265,0.9750889679715302,0.9761677788369876,0.8333333333333333,0.8479354258989658
266,0.9569645732689211,0.626376045794804,0.8461538461538463,0.8085252125810592
267,0.9593960804802839,0.6220270764727406,0.836734693877551,0.8090292090745669
268,0.8266242345752569,0.6556103391603167,0.8444444444444446,0.749938079401631
269,0.8742517560766296,0.7023467432950192,0.8461538461538463,0.7773748050272652
270,0.9738717339667459,0.9775549188156638,0.8333333333333333,0.8516039103390346
271,0.9650721336370539,0.97947932618683,0.8039215686274508,0.8159290285925482
272,0.9701616073304462,0.46460856216953783,0.875,0.8350378548251118
273,0.9594713656387666,0.9536727879799666,0.7543859649122806,0.8079247383386947
274,0.8276912578081776,0.5457516339869282,0.8554216867469878,0.7735263238308439
275,0.8915546711899791,0.6905444126074498,0.7714285714285715,0.7726221615621551
276,0.7451911294420037,0.48347328926210464,1.0,0.7774216960224944
277,0.9698832725699473,0.4493932352181771,0.8399999999999999,0.8115980565894707
278,0.9710376929157118,0.986362444269604,0.8153846153846154,0.8007460269577321
279,0.937224314147391,0.691257547912838,0.7948717948717947,0.7996854467851917
280,0.9738717339667459,0.9775549188156638,0.8333333333333333,0.8516039103390346
281,0.9487733140016693,0.44853764779091476,0.7662337662337662,0.7600492892508272
282,0.9523782246111836,0.9837442427526416,0.724770642201835,0.7695760722544724
283,0.9643916913946587,0.9697732997481109,0.8947368421052632,0.8408134883139908
284,0.9738717339667459,0.9775549188156638,0.8333333333333333,0.8516039103390346
285,0.8391329117135569,0.7515337423312883,0.9101123595505618,0.7777337217247742
286,0.9214018720944843,0.6359743040685225,0.8526315789473685,0.7904866997155449
287,0.9535817934481452,0.6235074626865671,0.8695652173913044,0.8179430701864792
288,0.9611070273888281,0.5449129239230064,0.7647058823529413,0.7733523771222832
289,0.9074795578817116,0.9749441825849665,0.736111111111111,0.7573734131647891
290,0.9032376949166049,0.6990902729181245,0.7746478873239436,0.7794881430549332
291,0.8552605166695758,0.5416559856447065,0.8727272727272726,0.7711039151860479
292,0.8742517560766296,0.7023467432950192,0.8461538461538463,0.7773748050272652
293,0.9358546071001197,0.6477027997128499,0.8181818181818181,0.798515295804952
294,0.9589637308437089,0.46219666152335526,0.9111111111111111,0.8095199947566445
295,0.8798882681564246,0.9938080495356038,0.8095238095238095,0.7759900163056452
296,0.9701616073304462,0.46460856216953783,0.875,0.8350378548251118
297,0.9594713656387666,0.9536727879799666,0.7543859649122806,0.8079247383386947
298,0.944784177593958,0.7026875699888018,0.902439024390244,0.8093869084547218
299,0.8921526813003612,0.997229916897507,0.9036144578313254,0.8107829742027115
300,0.7676289657720177,0.483187885010267,1.0,0.7685435333468953
301,0.9521854489596425,0.9734113267747939,0.7118644067796611,0.7650669962635378
302,0.9738717339667459,0.9775549188156638,0.8333333333333333,0.8516039103390346
303,0.8047093291376176,0.48317176778128745,1.0,0.7643614537572604
304,0.8356255641201877,0.751841620626151,0.9101123595505618,0.7777337217247742
305,0.8405148072755926,0.989589905362776,0.814814814814815,0.7745485334604413
306,0.9738717339667459,0.9775549188156638,0.8333333333333333,0.8516039103390346
307,0.7930480491059957,0.8002319032632101,0.89873417721519,0.7714277783185675
308,0.9532331609240103,0.44199821189092536,0.8999999999999999,0.8114047673235328
309,0.9721228903150068,0.6205701685304772,0.74,0.7977941325815358
310,0.9181585677749361,0.9905902480752781,0.8076923076923077,0.7862314371571475
311,0.8598337661661427,0.9962001266624446,0.8297872340425531,0.7947842168091208
312,0.8502955426356589,0.9949717159019484,0.8666666666666667,0.7721225126188832
313,0.9125442948263642,0.9922027290448343,0.826086956521739,0.7982017498783113
314,0.8402870844829852,0.5356677221084001,0.9285714285714284,0.795225964236363
315,0.9535817934481452,0.6235074626865671,0.8695652173913044,0.8179430701864792
316,0.8386744149394026,0.5523903889026505,0.9266055045871558,0.7759420299025521
317,0.85586971460743,0.5389221556886228,0.938144329896907,0.7862449191723953
318,0.9070958302852963,0.990985390115014,0.8604651162790696,0.7982379065343161
319,0.8635139643503955,0.9875350576503583,0.851851851851852,0.7743921935949136
320,0.8054779141277504,0.5656218144750255,1.0,0.7743030826539302
321,0.8635139643503955,0.9875350576503583,0.851851851851852,0.7743921935949136
322,0.9523782246111836,0.9837442427526416,0.724770642201835,0.7695760722544724
323,0.7683230194107233,0.05648432698217576,1.0,0.7718763738104715
324,0.8340405928214663,0.9949789114279975,0.8,0.7575677199652104
325,0.9139172565335638,0.636346516007533,0.8636363636363636,0.7940404940714405
326,0.7486610509794329,0.6830401593096582,0.9487179487179488,0.7880420448009946
327,0.8054779141277504,0.5656218144750255,1.0,0.7743030826539302
328,0.937224314147391,0.691257547912838,0.7948717948717947,0.7996854467851917
329,0.8748180494905385,0.9911399881866509,0.9240506329113926,0.8073098411296449
330,0.7638124318429662,0.30423706087422897,0.8974358974358974,0.7588092048148352
331,0.9207936839197619,0.636056838365897,0.8526315789473685,0.7904371969275629
332,0.8356255641201877,0.751841620626151,0.9101123595505618,0.7777337217247742
333,0.9393481922870268,0.6375958623149635,0.7938144329896907,0.7790764908221638
334,0.7997709923089829,0.5863710113574905,0.8305084745762713,0.7463922926346673
335,0.9569645732689211,0.626376045794804,0.8461538461538463,0.8085252125810592
336,0.8219512195121952,0.9906103286384976,0.8545454545454547,0.7693128162224533
337,0.9628157435399413,0.5302263648468708,0.8378378378378379,0.8214862440622708
338,0.9234296590750429,0.9974271012006861,0.8350515463917526,0.794530512681609
339,0.928030303030303,0.9713622291021672,0.7777777777777779,0.8033349321209045
340,0.9070335698256908,0.9941894247530505,0.9249999999999999,0.8048068826638708
341,0.9650721336370539,0.97947932618683,0.8039215686274508,0.8159290285925482
342,0.8407062312879487,0.6687732342007435,0.902439024390244,0.7786462743448069
343,0.9738717339667459,0.9775549188156638,0.8333333333333333,0.8516039103390346
344,0.9070335698256908,0.9941894247530505,0.9249999999999999,0.8048068826638708
345,0.9569645732689211,0.626376045794804,0.8461538461538463,0.8085252125810592
346,0.8848254385837415,0.7062249726974882,0.8585858585858587,0.7784781337526402
347,0.8921526813003612,0.997229916897507,0.9036144578313254,0.8107829742027115
348,0.7088030249320572,0.11065235342691992,1.0,0.7749138497065612
349,0.9721228903150068,0.6205701685304772,0.74,0.7977941325815358
350,0.769832524345021,0.4927944156721459,1.0,0.7692944360237189
351,0.9507442859599415,0.9903381642512077,0.7727272727272728,0.8061408151809132
352,0.9574984777562127,0.9567053854276664,0.7499999999999999,0.7911039683748347
353,0.9115273609122225,0.9835589941972921,0.7530864197530864,0.7761233393854673
354,0.9650721336370539,0.97947932618683,0.8039215686274508,0.8159290285925482
355,0.8541996830427893,0.437212703719181,0.9545454545454547,0.7840089910920277
356,0.7626720901126407,0.675858107137728,0.9240506329113926,0.7714339341198597
357,0.9701616073304462,0.46460856216953783,0.875,0.8350378548251118
358,0.9181585677749361,0.9905902480752781,0.8076923076923077,0.7862314371571475
359,0.9261006289308176,0.9786919206865937,0.7254901960784313,0.7695498238048349
360,0.9249122807017544,0.9903410805916089,0.8105263157894738,0.7895905550818112
361,0.9523782246111836,0.9837442427526416,0.724770642201835,0.7695760722544724
362,0.9125442948263642,0.9922027290448343,0.826086956521739,0.7982017498783113
363,0.9589637308437089,0.46219666152335526,0.9111111111111111,0.8095199947566445
364,0.7676289657720177,0.483187885010267,1.0,0.7685435333468953
365,0.7691507816288475,0.2722242056408426,1.0,0.8047008518932035
366,0.9074795578817116,0.9749441825849665,0.736111111111111,0.7573734131647891
367,0.9393481922870268,0.6375958623149635,0.7938144329896907,0.7790764908221638
368,0.9139172565335638,0.636346516007533,0.8636363636363636,0.7940404940714405
369,0.9643916913946587,0.9697732997481109,0.8947368421052632,0.8408134883139908
370,0.9750889679715302,0.9761677788369876,0.8333333333333333,0.8479354258989658
371,0.8613938609110334,0.3670940170940171,0.8787878787878789,0.7973374729099925
372,0.7286738861973971,0.3203645285664213,1.0,0.788398323539601
373,0.9677183154306972,0.4588903347923814,0.7777777777777779,0.7893202441543652
374,0.7251088947067912,0.588421171425347,0.9767441860465117,0.775912424045262
375,0.9594713656387666,0.9536727879799666,0.7543859649122806,0.8079247383386947
376,0.8407062312879487,0.6687732342007435,0.902439024390244,0.7786462743448069
377,0.9535817934481452,0.6235074626865671,0.8695652173913044,0.8179430701864792
378,0.7986680883046966,0.7909921129099211,0.9076923076923076,0.7612367792450832
379,0.7658441798778607,0.38671875,1.0,0.7732581623284069
380,0.8340405928214663,0.9949789114279975,0.8,0.7575677199652104
381,0.7556808247841315,0.6553042370181587,0.9459459459459462,0.7901579334518642
382,0.928030303030303,0.9713622291021672,0.7777777777777779,0.8033349321209045
383,0.9126436781609195,0.9859030837004406,0.7523809523809524,0.7668175161649794
384,0.9750889679715302,0.9761677788369876,0.8333333333333333,0.8479354258989658
385,0.9738717339667459,0.9775549188156638,0.8333333333333333,0.8516039103390346
386,0.9302664194952874,0.9951073661321012,0.8024691358024691,0.7963604195246234
387,0.9393481922870268,0.6375958623149635,0.7938144329896907,0.7790764908221638
388,0.9628157435399413,0.5302263648468708,0.8378378378378379,0.8214862440622708
389,0.7486610509794329,0.6830401593096582,0.9487179487179488,0.7880420448009946
390,0.864478138222849,0.6119460500963392,0.8947368421052632,0.7967718128671716
391,0.9650721336370539,0.97947932618683,0.8039215686274508,0.8159290285925482
392,0.821602787456446,0.44266970907016545,0.9259259259259258,0.8119769772209624
393,0.9589637308437089,0.46219666152335526,0.9111111111111111,0.8095199947566445
394,0.9030233037078509,0.6304725168756027,0.9178082191780823,0.7978746509489397
395,0.9677183154306972,0.4588903347923814,0.7777777777777779,0.7893202441543652
396,0.9594713656387666,0.9536727879799666,0.7543859649122806,0.8079247383386947
397,0.9271577328901235,0.5476937558832757,0.7647058823529413,0.7815733140821286
398,0.9532882178332649,0.4560076986527358,0.9069767441860465,0.812303824039645
399,0.7831714993638251,0.8047589993898718,0.8738738738738739,0.7529930266435931
400,0.7088030249320572,0.11065235342691992,1.0,0.7749138497065612
401,0.9081081081081082,0.6315485362095532,0.8974358974358974,0.7933711904634019
402,0.9270080437449432,0.9748731577675767,0.7404580152671755,0.7710659906435202
403,0.9535817934481452,0.6235074626865671,0.8695652173913044,0.8179430701864792
404,0.930599695557193,0.9892761394101877,0.7752808988764045,0.7808154027828917
405,0.944784177593958,0.7026875699888018,0.902439024390244,0.8093869084547218
406,0.9115273609122225,0.9835589941972921,0.7530864197530864,0.7761233393854673
407,0.8402870844829852,0.5356677221084001,0.9285714285714284,0.795225964236363
408,0.9738717339667459,0.9775549188156638,0.8333333333333333,0.8516039103390346
409,0.8798882681564246,0.9938080495356038,0.8095238095238095,0.7759900163056452
410,0.937224314147391,0.691257547912838,0.7948717948717947,0.7996854467851917
411,0.9676487579433853,0.9602808865481677,0.7142857142857143,0.7930020479498092
412,0.8915546711899791,0.6905444126074498,0.7714285714285715,0.7726221615621551
413,0.7556808247841315,0.6553042370181587,0.9459459459459462,0.7901579334518642
414,0.9271577328901235,0.5476937558832757,0.7647058823529413,0.7815733140821286
415,0.9140012304910664,0.7071005917159763,0.7634408602150538,0.7667765589598275
416,0.9643916913946587,0.9697732997481109,0.8947368421052632,0.8408134883139908
417,0.9450061808869934,0.3706874842608915,0.8974358974358974,0.8092150319179334
418,0.821602787456446,0.44266970907016545,0.9259259259259258,0.8119769772209624
419,0.8748180494905385,0.9911399881866509,0.9240506329113926,0.8073098411296449
420,0.862155388471178,0.7048762736535663,0.9036144578313254,0.7856326374599858
421,0.9413793103448276,0.9926253687315634,0.8313253012048193,0.8069909745756805
422,0.9643916913946587,0.9697732997481109,0.8947368421052632,0.8408134883139908
423,0.9234296590750429,0.9974271012006861,0.8350515463917526,0.794530512681609
424,0.9650721336370539,0.97947932618683,0.8039215686274508,0.8159290285925482
425,0.8656796051754034,0.986773300522916,0.7941176470588236,0.7690270894616085
426,0.7985650483396385,0.7967452673530389,0.885057471264368,0.7675570307414126
427,0.9297912713472486,0.9971198156682027,0.8399999999999999,0.7938723267850369
428,0.9285187575402739,0.7035994369595817,0.724770642201835,0.7696636951187974
429,0.9738717339667459,0.9775549188156638,0.8333333333333333,0.8516039103390346
430,0.9589637308437089,0.46219666152335526,0.9111111111111111,0.8095199947566445
431,0.9738717339667459,0.9775549188156638,0.8333333333333333,0.8516039103390346
432,0.8199677469162278,0.9975535168195718,0.7611940298507461,0.7562251325611048
433,0.9574984777562127,0.9567053854276664,0.7499999999999999,0.7911039683748347
434,0.9738717339667459,0.9775549188156638,0.8333333333333333,0.8516039103390346
435,0.9551331650619252,0.4511766296997566,0.8775510204081635,0.8098687511577458
436,0.9214018720944843,0.6359743040685225,0.8526315789473685,0.7904866997155449
437,0.9074795578817116,0.9749441825849665,0.736111111111111,0.7573734131647891
438,0.8175742386268703,0.9960865561694291,0.911764705882353,0.7885710782382658
439,0.9569645732689211,0.626376045794804,0.8461538461538463,0.8085252125810592
440,0.9092165084528825,0.7041763341067285,0.7749999999999999,0.7825930567198542
441,0.9430379746835443,0.9726408532344076,0.7230769230769232,0.770979331121407
442,0.9698832725699473,0.4493932352181771,0.8399999999999999,0.8115980565894707
443,0.8402870844829852,0.5356677221084001,0.9285714285714284,0.795225964236363
444,0.8047093291376176,0.48317176778128745,1.0,0.7643614537572604
445,0.9701616073304462,0.46460856216953783,0.875,0.8350378548251118
446,0.9535817934481452,0.6235074626865671,0.8695652173913044,0.8179430701864792
447,0.9611070273888281,0.5449129239230064,0.7647058823529413,0.7733523771222832
448,0.928030303030303,0.9713622291021672,0.7777777777777779,0.8033349321209045
449,0.8405148072755926,0.989589905362776,0.814814814814815,0.7745485334604413
450,0.9346150004993509,0.63746826260428,0.8556701030927836,0.7932793519539472
451,0.9503025132676667,0.6964141821112007,0.7575757575757577,0.78496016436369
452,0.9701616073304462,0.46460856216953783,0.875,0.8350378548251118
453,0.8402870844829852,0.5356677221084001,0.9285714285714284,0.795225964236363
454,0.915751870408232,0.7024401800521203,0.8039215686274508,0.7829051305969362
455,0.9234296590750429,0.9974271012006861,0.8350515463917526,0.794530512681609
456,0.9710376929157118,0.986362444269604,0.8153846153846154,0.8007460269577321
457,0.9091757910867909,0.7021226965243761,0.7560975609756097,0.7698315824804975
458,0.9126436781609195,0.9859030837004406,0.7523809523809524,0.7668175161649794
459,0.930599695557193,0.9892761394101877,0.7752808988764045,0.7808154027828917
460,0.9487733140016693,0.44853764779091476,0.7662337662337662,0.7600492892508272
461,0.821602787456446,0.44266970907016545,0.9259259259259258,0.8119769772209624
462,0.9644012944983819,0.9680715197956578,0.8461538461538463,0.8498656764246406
463,0.915751870408232,0.7024401800521203,0.8039215686274508,0.7829051305969362
464,0.9074795578817116,0.9749441825849665,0.736111111111111,0.7573734131647891
465,0.9397398874601884,0.9578402366863905,0.782608695652174,0.7916513438452604
466,0.9070958302852963,0.990985390115014,0.8604651162790696,0.7982379065343161
467,0.862155388471178,0.7048762736535663,0.9036144578313254,0.7856326374599858
468,0.9450061808869934,0.3706874842608915,0.8974358974358974,0.8092150319179334
469,0.944896369107247,0.6216577540106951,0.7647058823529413,0.7998095847344266
470,0.9701616073304462,0.46460856216953783,0.875,0.8350378548251118
471,0.937869857773552,0.9883216549883217,0.8,0.7809320255418781
472,0.8937421356668955,0.9813414019162885,0.7629629629629631,0.7660815243572904
473,0.8276912578081776,0.5457516339869282,0.8554216867469878,0.7735263238308439
474,0.9156061620897522,0.9825960841189267,0.7342657342657343,0.7592374019491815
475,0.9140012304910664,0.7071005917159763,0.7634408602150538,0.7667765589598275
476,0.9761526232114467,0.9762681696825868,0.7222222222222222,0.7850169637186563
477,0.9721228903150068,0.6205701685304772,0.74,0.7977941325815358
478,0.9450061808869934,0.3706874842608915,0.8974358974358974,0.8092150319179334
479,0.8386744149394026,0.5523903889026505,0.9266055045871558,0.7759420299025521
480,0.8402870844829852,0.5356677221084001,0.9285714285714284,0.795225964236363
481,0.9701616073304462,0.46460856216953783,0.875,0.8350378548251118
482,0.9220444934730649,0.698961937716263,0.8636363636363636,0.787766259001361
483,0.8263469459836512,0.8110661268556005,0.8279569892473118,0.7725182792611898
484,0.8598337661661427,0.9962001266624446,0.8297872340425531,0.7947842168091208
485,0.8386744149394026,0.5523903889026505,0.9266055045871558,0.7759420299025521
486,0.928030303030303,0.9713622291021672,0.7777777777777779,0.8033349321209045
487,0.7555592867125269,0.40288503569867407,1.0,0.7727578513844453
488,0.7556808247841315,0.6553042370181587,0.9459459459459462,0.7901579334518642
489,0.9081081081081082,0.6315485362095532,0.8974358974358974,0.7933711904634019
490,0.9140012304910664,0.7071005917159763,0.7634408602150538,0.7667765589598275
491,0.9139172565335638,0.636346516007533,0.8636363636363636,0.7940404940714405
492,0.954645424774446,0.6298938894987194,0.8202247191011236,0.8051685673492808
493,0.9139172565335638,0.636346516007533,0.8636363636363636,0.7940404940714405
494,0.9565763548917205,0.6295857988165681,0.7570093457943925,0.7738127972677504
495,0.9802371541501976,0.9841961852861035,0.8181818181818181,0.8430371020189725
496,0.9181585677749361,0.9905902480752781,0.8076923076923077,0.7862314371571475
497,0.9032376949166049,0.6990902729181245,0.7746478873239436,0.7794881430549332
498,0.9074795578817116,0.9749441825849665,0.736111111111111,0.7573734131647891
499,0.9594713656387666,0.9536727879799666,0.7543859649122806,0.8079247383386947
500,0.85586971460743,0.5389221556886228,0.938144329896907,0.7862449191723953
501,0.7082311768427713,0.1109285127362366,1.0,0.7746302229952988
502,0.7082311768427713,0.1109285127362366,1.0,0.7746302229952988
503,0.9650721336370539,0.97947932618683,0.8039215686274508,0.8159290285925482
504,0.8742517560766296,0.7023467432950192,0.8461538461538463,0.7773748050272652
505,0.8022917402483154,0.9882189882189882,0.9661016949152541,0.8087033332870062
506,0.9270175438596491,0.9900542495479204,0.8105263157894738,0.7896180209241874
507,0.9738717339667459,0.9775549188156638,0.8333333333333333,0.8516039103390346
508,0.7286738861973971,0.3203645285664213,1.0,0.788398323539601
509,0.8250790305584826,0.7908603024882095,0.9277108433734942,0.768124204163356
510,0.9643916913946587,0.9697732997481109,0.8947368421052632,0.8408134883139908
511,0.9535817934481452,0.6235074626865671,0.8695652173913044,0.8179430701864792
512,0.9234296590750429,0.9974271012006861,0.8350515463917526,0.794530512681609
513,0.8995348837209303,0.7017913593256059,0.8500000000000001,0.7799622323517015
514,0.9397398874601884,0.9578402366863905,0.782608695652174,0.7916513438452604
515,0.937224314147391,0.691257547912838,0.7948717948717947,0.7996854467851917
516,0.9450061808869934,0.3706874842608915,0.8974358974358974,0.8092150319179334
517,0.9738717339667459,0.9775549188156638,0.8333333333333333,0.8516039103390346
518,0.9710376929157118,0.986362444269604,0.8153846153846154,0.8007460269577321
519,0.9644012944983819,0.9680715197956578,0.8461538461538463,0.8498656764246406
520,0.9077577335565061,0.627317789608959,0.880952380952381,0.7967154626401294
521,0.9454563948484421,0.6284275321768327,0.8082191780821919,0.7986793711540063
522,0.9643916913946587,0.9697732997481109,0.8947368421052632,0.8408134883139908
523,0.85586971460743,0.5389221556886228,0.938144329896907,0.7862449191723953
524,0.9738717339667459,0.9775549188156638,0.8333333333333333,0.8516039103390346
525,0.8656796051754034,0.986773300522916,0.7941176470588236,0.7690270894616085
526,0.9125442948263642,0.9922027290448343,0.826086956521739,0.7982017498783113
527,0.9594713656387666,0.9536727879799666,0.7543859649122806,0.8079247383386947
528,0.9551331650619252,0.4511766296997566,0.8775510204081635,0.8098687511577458
529,0.8334552653786792,0.7512367491166078,0.9322033898305084,0.770407071423772
530,0.7985650483396385,0.7967452673530389,0.885057471264368,0.7675570307414126
531,0.8175742386268703,0.9960865561694291,0.911764705882353,0.7885710782382658
532,0.9650721336370539,0.97947932618683,0.8039215686274508,0.8159290285925482
533,0.8742517560766296,0.7023467432950192,0.8461538461538463,0.7773748050272652
534,0.9156061620897522,0.9825960841189267,0.7342657342657343,0.7592374019491815
535,0.7088030249320572,0.11065235342691992,1.0,0.7749138497065612
536,0.9077577335565061,0.627317789608959,0.880952380952381,0.7967154626401294
537,0.9644012944983819,0.9680715197956578,0.8461538461538463,0.8498656764246406
538,0.9594713656387666,0.9536727879799666,0.7543859649122806,0.8079247383386947
539,0.9569645732689211,0.626376045794804,0.8461538461538463,0.8085252125810592
540,0.8634379475683418,0.9917329093799682,0.8545454545454547,0.776339239858237
541,0.8613938609110334,0.3670940170940171,0.8787878787878789,0.7973374729099925
542,0.9565763548917205,0.6295857988165681,0.7570093457943925,0.7738127972677504
543,0.9070958302852963,0.990985390115014,0.8604651162790696,0.7982379065343161
544,0.8651367725353406,0.9924002533248891,0.7966101694915255,0.7744771745552028
545,0.9249942923256241,0.7068468468468468,0.7894736842105263,0.8016836262879119
546,0.7985650483396385,0.7967452673530389,0.885057471264368,0.7675570307414126
547,0.864478138222849,0.6119460500963392,0.8947368421052632,0.7967718128671716
548,0.8945957619349834,0.5439319055464031,0.875,0.7822440334428052
549,0.9802371541501976,0.9841961852861035,0.8181818181818181,0.8430371020189725
550,0.9234296590750429,0.9974271012006861,0.8350515463917526,0.794530512681609
551,0.8312420362019574,0.6460319788763386,0.8163265306122448,0.7447972275200745
552,0.8613938609110334,0.3670940170940171,0.8787878787878789,0.7973374729099925
553,0.9358546071001197,0.6477027997128499,0.8181818181818181,0.798515295804952
554,0.9115273609122225,0.9835589941972921,0.7530864197530864,0.7761233393854673
555,0.8199677469162278,0.9975535168195718,0.7611940298507461,0.7562251325611048
556,0.8921526813003612,0.997229916897507,0.9036144578313254,0.8107829742027115
557,0.9569645732689211,0.626376045794804,0.8461538461538463,0.8085252125810592
558,0.7451911294420037,0.48347328926210464,1.0,0.7774216960224944
559,0.9738717339667459,0.9775549188156638,0.8333333333333333,0.8516039103390346
560,0.8921526813003612,0.997229916897507,0.9036144578313254,0.8107829742027115
561,0.9761526232114467,0.9762681696825868,0.7222222222222222,0.7850169637186563
562,0.8334552653786792,0.7512367491166078,0.9322033898305084,0.770407071423772
563,0.9458174904942965,0.9599494097807757,0.7454545454545455,0.7976764960769724
564,0.7207479928221153,0.589027149321267,1.0,0.7758842162087158
565,0.9285187575402739,0.7035994369595817,0.724770642201835,0.7696636951187974
566,0.8547904191616766,0.9389701207883026,0.8285714285714286,0.8058187303828032
567,0.8402870844829852,0.5356677221084001,0.9285714285714284,0.795225964236363
568,0.9074795578817116,0.9749441825849665,0.736111111111111,0.7573734131647891
569,0.9738717339667459,0.9775549188156638,0.8333333333333333,0.8516039103390346
570,0.9270175438596491,0.9900542495479204,0.8105263157894738,0.7896180209241874
571,0.9503025132676667,0.6964141821112007,0.7575757575757577,0.78496016436369
572,0.928030303030303,0.9713622291021672,0.7777777777777779,0.8033349321209045
573,0.8848254385837415,0.7062249726974882,0.8585858585858587,0.7784781337526402
574,0.9574984777562127,0.9567053854276664,0.7499999999999999,0.7911039683748347
575,0.7451911294420037,0.48347328926210464,1.0,0.7774216960224944
576,0.8748180494905385,0.9911399881866509,0.9240506329113926,0.8073098411296449
577,0.9589637308437089,0.46219666152335526,0.9111111111111111,0.8095199947566445
578,0.864478138222849,0.6119460500963392,0.8947368421052632,0.7967718128671716
579,0.944784177593958,0.7026875699888018,0.902439024390244,0.8093869084547218
580,0.9126436781609195,0.9859030837004406,0.7523809523809524,0.7668175161649794
581,0.9650721336370539,0.97947932618683,0.8039215686274508,0.8159290285925482
582,0.7997709923089829,0.5863710113574905,0.8305084745762713,0.7463922926346673
583,0.9676487579433853,0.9602808865481677,0.7142857142857143,0.7930020479498092
584,0.9593960804802839,0.6220270764727406,0.836734693877551,0.8090292090745669
585,0.9643916913946587,0.9697732997481109,0.8947368421052632,0.8408134883139908
586,0.9574984777562127,0.9567053854276664,0.7499999999999999,0.7911039683748347
587,0.8614782814896409,0.6083872573419612,0.851851851851852,0.7667912748196517
588,0.8402870844829852,0.5356677221084001,0.9285714285714284,0.795225964236363
589,0.9070335698256908,0.9941894247530505,0.9249999999999999,0.8048068826638708
590,0.9676487579433853,0.9602808865481677,0.7142857142857143,0.7930020479498092
591,0.9348693312977323,0.5415193096619041,0.9459459459459462,0.8131085382865766
592,0.9750889679715302,0.9761677788369876,0.8333333333333333,0.8479354258989658
593,0.8856741008639742,0.9963088280529068,0.8333333333333333,0.7803852967833199
594,0.7676289657720177,0.483187885010267,1.0,0.7685435333468953
595,0.9521854489596425,0.9734113267747939,0.7118644067796611,0.7650669962635378
596,0.9270175438596491,0.9900542495479204,0.8105263157894738,0.7896180209241874
597,0.864478138222849,0.6119460500963392,0.8947368421052632,0.7967718128671716
598,0.8402870844829852,0.5356677221084001,0.9285714285714284,0.795225964236363
599,0.8748180494905385,0.9911399881866509,0.9240506329113926,0.8073098411296449
600,0.8742517560766296,0.7023467432950192,0.8461538461538463,0.7773748050272652
601,0.9297912713472486,0.9971198156682027,0.8399999999999999,0.7938723267850369
602,0.9220444934730649,0.698961937716263,0.8636363636363636,0.787766259001361
603,0.9139172565335638,0.636346516007533,0.8636363636363636,0.7940404940714405
604,0.9450061808869934,0.3706874842608915,0.8974358974358974,0.8092150319179334
605,0.8915546711899791,0.6905444126074498,0.7714285714285715,0.7726221615621551
606,0.8175742386268703,0.9960865561694291,0.911764705882353,0.7885710782382658
607,0.8127317554240632,0.7589104214663234,0.8983050847457628,0.7725558487236996
608,0.9521854489596425,0.9734113267747939,0.7118644067796611,0.7650669962635378
609,0.9503025132676667,0.6964141821112007,0.7575757575757577,0.78496016436369
610,0.9761526232114467,0.9762681696825868,0.7222222222222222,0.7850169637186563
611,0.7251088947067912,0.588421171425347,0.9767441860465117,0.775912424045262
612,0.9081081081081082,0.6315485362095532,0.8974358974358974,0.7933711904634019
613,0.915751870408232,0.7024401800521203,0.8039215686274508,0.7829051305969362
614,0.954645424774446,0.6298938894987194,0.8202247191011236,0.8051685673492808
615,0.937869857773552,0.9883216549883217,0.8,0.7809320255418781
616,0.9738717339667459,0.9775549188156638,0.8333333333333333,0.8516039103390346
617,0.954645424774446,0.6298938894987194,0.8202247191011236,0.8051685673492808
618,0.928030303030303,0.9713622291021672,0.7777777777777779,0.8033349321209045
619,0.9498470948012232,0.9499105545617174,0.6842105263157894,0.7519703617727428
620,0.9738717339667459,0.9775549188156638,0.8333333333333333,0.8516039103390346
621,0.7486610509794329,0.6830401593096582,0.9487179487179488,0.7880420448009946
622,0.9802371541501976,0.9841961852861035,0.8181818181818181,0.8430371020189725
623,0.9030233037078509,0.6304725168756027,0.9178082191780823,0.7978746509489397
624,0.9081081081081082,0.6315485362095532,0.8974358974358974,0.7933711904634019
625,0.7082311768427713,0.1109285127362366,1.0,0.7746302229952988
626,0.862155388471178,0.7048762736535663,0.9036144578313254,0.7856326374599858
627,0.9070958302852963,0.990985390115014,0.8604651162790696,0.7982379065343161
628,0.9761526232114467,0.9762681696825868,0.7222222222222222,0.7850169637186563
629,0.8742517560766296,0.7023467432950192,0.8461538461538463,0.7773748050272652
630,0.9628157435399413,0.5302263648468708,0.8378378378378379,0.8214862440622708
631,0.9761526232114467,0.9762681696825868,0.7222222222222222,0.7850169637186563
632,0.8552605166695758,0.5416559856447065,0.8727272727272726,0.7711039151860479
633,0.9650721336370539,0.97947932618683,0.8039215686274508,0.8159290285925482
634,0.8092209738524979,0.9969107198022861,0.7966101694915255,0.7682892121699965
635,0.9650721336370539,0.97947932618683,0.8039215686274508,0.8159290285925482
636,0.8502955426356589,0.9949717159019484,0.8666666666666667,0.7721225126188832
637,0.9081081081081082,0.6315485362095532,0.8974358974358974,0.7933711904634019
638,0.9070335698256908,0.9941894247530505,0.9249999999999999,0.8048068826638708
639,0.7651720655075391,0.568255617612677,0.942857142857143,0.7679723389599267
640,0.8848254385837415,0.7062249726974882,0.8585858585858587,0.7784781337526402
641,0.9249942923256241,0.7068468468468468,0.7894736842105263,0.8016836262879119
642,0.9270175438596491,0.9900542495479204,0.8105263157894738,0.7896180209241874
643,0.9270175438596491,0.9900542495479204,0.8105263157894738,0.7896180209241874
644,0.9738717339667459,0.9775549188156638,0.8333333333333333,0.8516039103390346
645,0.9503025132676667,0.6964141821112007,0.7575757575757577,0.78496016436369
646,0.9643916913946587,0.9697732997481109,0.8947368421052632,0.8408134883139908
647,0.9565763548917205,0.6295857988165681,0.7570093457943925,0.7738127972677504
648,0.9220444934730649,0.698961937716263,0.8636363636363636,0.787766259001361
649,0.8742517560766296,0.7023467432950192,0.8461538461538463,0.7773748050272652
650,0.9070335698256908,0.9941894247530505,0.9249999999999999,0.8048068826638708
651,0.8127317554240632,0.7589104214663234,0.8983050847457628,0.7725558487236996
652,0.9594713656387666,0.9536727879799666,0.7543859649122806,0.8079247383386947
653,0.862155388471178,0.7048762736535663,0.9036144578313254,0.7856326374599858
654,0.9738717339667459,0.9775549188156638,0.8333333333333333,0.8516039103390346
655,0.85586971460743,0.5389221556886228,0.938144329896907,0.7862449191723953
656,0.8856741008639742,0.9963088280529068,0.8333333333333333,0.7803852967833199
657,0.7651720655075391,0.568255617612677,0.942857142857143,0.7679723389599267
658,0.8686107416029265,0.7054488610987049,0.9272727272727271,0.8033733371569567
659,0.8848254385837415,0.7062249726974882,0.8585858585858587,0.7784781337526402
660,0.9738717339667459,0.9775549188156638,0.8333333333333333,0.8516039103390346
661,0.8742517560766296,0.7023467432950192,0.8461538461538463,0.7773748050272652
662,0.8598337661661427,0.9962001266624446,0.8297872340425531,0.7947842168091208
663,0.9574984777562127,0.9567053854276664,0.7499999999999999,0.7911039683748347
664,0.954645424774446,0.6298938894987194,0.8202247191011236,0.8051685673492808
665,0.9261006289308176,0.9786919206865937,0.7254901960784313,0.7695498238048349
666,0.9569645732689211,0.626376045794804,0.8461538461538463,0.8085252125810592
667,0.8995348837209303,0.7017913593256059,0.8500000000000001,0.7799622323517015
668,0.8748180494905385,0.9911399881866509,0.9240506329113926,0.8073098411296449
669,0.8635139643503955,0.9875350576503583,0.851851851851852,0.7743921935949136
670,0.8921526813003612,0.997229916897507,0.9036144578313254,0.8107829742027115
671,0.9569645732689211,0.626376045794804,0.8461538461538463,0.8085252125810592
672,0.9346150004993509,0.63746826260428,0.8556701030927836,0.7932793519539472
673,0.915751870408232,0.7024401800521203,0.8039215686274508,0.7829051305969362
674,0.7556808247841315,0.6553042370181587,0.9459459459459462,0.7901579334518642
675,0.944896369107247,0.6216577540106951,0.7647058823529413,0.7998095847344266
676,0.9348693312977323,0.5415193096619041,0.9459459459459462,0.8131085382865766
677,0.9593960804802839,0.6220270764727406,0.836734693877551,0.8090292090745669
678,0.9594713656387666,0.9536727879799666,0.7543859649122806,0.8079247383386947
679,0.8742517560766296,0.7023467432950192,0.8461538461538463,0.7773748050272652
680,0.9594713656387666,0.9536727879799666,0.7543859649122806,0.8079247383386947
681,0.7421745211916003,0.6747832738398776,0.8888888888888888,0.7711406744280351
682,0.9081081081081082,0.6315485362095532,0.8974358974358974,0.7933711904634019
683,0.937224314147391,0.691257547912838,0.7948717948717947,0.7996854467851917
684,0.9285187575402739,0.7035994369595817,0.724770642201835,0.7696636951187974
685,0.9551331650619252,0.4511766296997566,0.8775510204081635,0.8098687511577458
686,0.8598337661661427,0.9962001266624446,0.8297872340425531,0.7947842168091208
687,0.8748180494905385,0.9911399881866509,0.9240506329113926,0.8073098411296449
688,0.944896369107247,0.6216577540106951,0.7647058823529413,0.7998095847344266
689,0.9258030858030858,0.7002406325197663,0.7397260273972603,0.7638650460470239
690,0.937224314147391,0.691257547912838,0.7948717948717947,0.7996854467851917
691,0.9249942923256241,0.7068468468468468,0.7894736842105263,0.8016836262879119
692,0.9271577328901235,0.5476937558832757,0.7647058823529413,0.7815733140821286
693,0.942428406529984,0.6301518438177874,0.8421052631578947,0.8211590830808626
694,0.9802371541501976,0.9841961852861035,0.8181818181818181,0.8430371020189725
695,0.8981685123795202,0.9862155388471178,0.7876106194690264,0.7813704077003422
696,0.9594713656387666,0.9536727879799666,0.7543859649122806,0.8079247383386947
697,0.915751870408232,0.7024401800521203,0.8039215686274508,0.7829051305969362
698,0.9650721336370539,0.97947932618683,0.8039215686274508,0.8159290285925482
699,0.9081081081081082,0.6315485362095532,0.8974358974358974,0.7933711904634019
700,0.9115273609122225,0.9835589941972921,0.7530864197530864,0.7761233393854673
701,0.9450061808869934,0.3706874842608915,0.8974358974358974,0.8092150319179334
702,0.9454563948484421,0.6284275321768327,0.8082191780821919,0.7986793711540063
703,0.9523782246111836,0.9837442427526416,0.724770642201835,0.7695760722544724
704,0.8613938609110334,0.3670940170940171,0.8787878787878789,0.7973374729099925
705,0.9458174904942965,0.9599494097807757,0.7454545454545455,0.7976764960769724
706,0.7638124318429662,0.30423706087422897,0.8974358974358974,0.7588092048148352
707,0.9220444934730649,0.698961937716263,0.8636363636363636,0.787766259001361
708,0.9070958302852963,0.990985390115014,0.8604651162790696,0.7982379065343161
709,0.864478138222849,0.6119460500963392,0.8947368421052632,0.7967718128671716
710,0.9643916913946587,0.9697732997481109,0.8947368421052632,0.8408134883139908
711,0.7556808247841315,0.6553042370181587,0.9459459459459462,0.7901579334518642
712,0.9594713656387666,0.9536727879799666,0.7543859649122806,0.8079247383386947
713,0.8266242345752569,0.6556103391603167,0.8444444444444446,0.749938079401631
714,0.9220444934730649,0.698961937716263,0.8636363636363636,0.787766259001361
715,0.9650721336370539,0.97947932618683,0.8039215686274508,0.8159290285925482
716,0.9701616073304462,0.46460856216953783,0.875,0.8350378548251118
717,0.7421745211916003,0.6747832738398776,0.8888888888888888,0.7711406744280351
718,0.8651367725353406,0.9924002533248891,0.7966101694915255,0.7744771745552028
719,0.9507442859599415,0.9903381642512077,0.7727272727272728,0.8061408151809132
720,0.9628157435399413,0.5302263648468708,0.8378378378378379,0.8214862440622708
721,0.9030233037078509,0.6304725168756027,0.9178082191780823,0.7978746509489397
722,0.7831812483719718,0.753337041156841,0.8461538461538463,0.7734716917208792
723,0.7985650483396385,0.7967452673530389,0.885057471264368,0.7675570307414126
724,0.9701616073304462,0.46460856216953783,0.875,0.8350378548251118
725,0.8775550702215269,0.7032149712092131,0.875,0.7858815113355938
726,0.8634379475683418,0.9917329093799682,0.8545454545454547,0.776339239858237
727,0.9589637308437089,0.46219666152335526,0.9111111111111111,0.8095199947566445
728,0.8690217697511843,0.9847560975609756,0.7611940298507461,0.7567582556370032
729,0.9574984777562127,0.9567053854276664,0.7499999999999999,0.7911039683748347
730,0.9271577328901235,0.5476937558832757,0.7647058823529413,0.7815733140821286
731,0.7082311768427713,0.1109285127362366,1.0,0.7746302229952988
732,0.9115273609122225,0.9835589941972921,0.7530864197530864,0.7761233393854673
733,0.9487733140016693,0.44853764779091476,0.7662337662337662,0.7600492892508272
734,0.9092165084528825,0.7041763341067285,0.7749999999999999,0.7825930567198542
735,0.8275113656233607,0.9948212083847102,0.8279569892473118,0.761775615237595
736,0.9458174904942965,0.9599494097807757,0.7454545454545455,0.7976764960769724
737,0.9091757910867909,0.7021226965243761,0.7560975609756097,0.7698315824804975
738,0.85586971460743,0.5389221556886228,0.938144329896907,0.7862449191723953
739,0.9234296590750429,0.9974271012006861,0.8350515463917526,0.794530512681609
740,0.9701616073304462,0.46460856216953783,0.875,0.8350378548251118
741,0.9532331609240103,0.44199821189092536,0.8999999999999999,0.8114047673235328
742,0.9738717339667459,0.9775549188156638,0.8333333333333333,0.8516039103390346
743,0.821602787456446,0.44266970907016545,0.9259259259259258,0.8119769772209624
744,0.9643916913946587,0.9697732997481109,0.8947368421052632,0.8408134883139908
745,0.7696914267609434,0.6784232365145229,0.9512195121951221,0.7803117174214503
746,0.915751870408232,0.7024401800521203,0.8039215686274508,0.7829051305969362
747,0.8386744149394026,0.5523903889026505,0.9266055045871558,0.7759420299025521
748,0.9628157435399413,0.5302263648468708,0.8378378378378379,0.8214862440622708
749,0.8848254385837415,0.7062249726974882,0.8585858585858587,0.7784781337526402
750,0.928030303030303,0.9713622291021672,0.7777777777777779,0.8033349321209045
751,0.9532331609240103,0.44199821189092536,0.8999999999999999,0.8114047673235328
752,0.7626720901126407,0.675858107137728,0.9240506329113926,0.7714339341198597
753,0.9788359788359788,0.9890948745910578,0.8181818181818181,0.845545046988744
754,0.942428406529984,0.6301518438177874,0.8421052631578947,0.8211590830808626
755,0.85586971460743,0.5389221556886228,0.938144329896907,0.7862449191723953
756,0.8336659315898463,0.7508227550540667,0.9322033898305084,0.770659298704011
757,0.9214018720944843,0.6359743040685225,0.8526315789473685,0.7904866997155449
758,0.8407062312879487,0.6687732342007435,0.902439024390244,0.7786462743448069
759,0.8402870844829852,0.5356677221084001,0.9285714285714284,0.795225964236363
760,0.9346150004993509,0.63746826260428,0.8556701030927836,0.7932793519539472
761,0.8848254385837415,0.7062249726974882,0.8585858585858587,0.7784781337526402
762,0.8266242345752569,0.6556103391603167,0.8444444444444446,0.749938079401631
763,0.9249122807017544,0.9903410805916089,0.8105263157894738,0.7895905550818112
764,0.942428406529984,0.6301518438177874,0.8421052631578947,0.8211590830808626
765,0.8798882681564246,0.9938080495356038,0.8095238095238095,0.7759900163056452
766,0.8175742386268703,0.9960865561694291,0.911764705882353,0.7885710782382658
767,0.9738717339667459,0.9775549188156638,0.8333333333333333,0.8516039103390346
768,0.9081081081081082,0.6315485362095532,0.8974358974358974,0.7933711904634019
769,0.9487733140016693,0.44853764779091476,0.7662337662337662,0.7600492892508272
770,0.8690217697511843,0.9847560975609756,0.7611940298507461,0.7567582556370032
771,0.8848254385837415,0.7062249726974882,0.8585858585858587,0.7784781337526402
772,0.9074795578817116,0.9749441825849665,0.736111111111111,0.7573734131647891
773,0.9643916913946587,0.9697732997481109,0.8947368421052632,0.8408134883139908
774,0.9594713656387666,0.9536727879799666,0.7543859649122806,0.8079247383386947
775,0.8547904191616766,0.9389701207883026,0.8285714285714286,0.8058187303828032
776,0.9643916913946587,0.9697732997481109,0.8947368421052632,0.8408134883139908
777,0.9738717339667459,0.9775549188156638,0.8333333333333333,0.8516039103390346
778,0.942428406529984,0.6301518438177874,0.8421052631578947,0.8211590830808626
779,0.930599695557193,0.9892761394101877,0.7752808988764045,0.7808154027828917
780,0.9125442948263642,0.9922027290448343,0.826086956521739,0.7982017498783113
781,0.9611070273888281,0.5449129239230064,0.7647058823529413,0.7733523771222832
782,0.9569645732689211,0.626376045794804,0.8461538461538463,0.8085252125810592
783,0.8552605166695758,0.5416559856447065,0.8727272727272726,0.7711039151860479
784,0.9102028141678797,0.9850867678958786,0.8157894736842106,0.7840976441174407
785,0.8798882681564246,0.9938080495356038,0.8095238095238095,0.7759900163056452
786,0.7683230194107233,0.05648432698217576,1.0,0.7718763738104715
787,0.9788359788359788,0.9890948745910578,0.8181818181818181,0.845545046988744
788,0.8798882681564246,0.9938080495356038,0.8095238095238095,0.7759900163056452
789,0.8742517560766296,0.7023467432950192,0.8461538461538463,0.7773748050272652
790,0.7638124318429662,0.30423706087422897,0.8974358974358974,0.7588092048148352
791,0.7891380553782128,0.8000992884328976,0.880952380952381,0.7658312954598843
792,0.9081081081081082,0.6315485362095532,0.8974358974358974,0.7933711904634019
793,0.9081081081081082,0.6315485362095532,0.8974358974358974,0.7933711904634019
794,0.9738717339667459,0.9775549188156638,0.8333333333333333,0.8516039103390346
795,0.9214018720944843,0.6359743040685225,0.8526315789473685,0.7904866997155449
796,0.9077577335565061,0.627317789608959,0.880952380952381,0.7967154626401294
797,0.954645424774446,0.6298938894987194,0.8202247191011236,0.8051685673492808
798,0.9077577335565061,0.627317789608959,0.880952380952381,0.7967154626401294
799,0.928030303030303,0.9713622291021672,0.7777777777777779,0.8033349321209045
800,0.8199677469162278,0.9975535168195718,0.7611940298507461,0.7562251325611048
801,0.864478138222849,0.6119460500963392,0.8947368421052632,0.7967718128671716
802,0.7651720655075391,0.568255617612677,0.942857142857143,0.7679723389599267
803,0.9569645732689211,0.626376045794804,0.8461538461538463,0.8085252125810592
804,0.9738717339667459,0.9775549188156638,0.8333333333333333,0.8516039103390346
805,0.9346150004993509,0.63746826260428,0.8556701030927836,0.7932793519539472
806,0.9710376929157118,0.986362444269604,0.8153846153846154,0.8007460269577321
807,0.8297124096730516,0.7122153209109731,0.9272727272727271,0.7799516206031881
808,0.954645424774446,0.6298938894987194,0.8202247191011236,0.8051685673492808
809,0.7550405745822357,0.6834011759384894,0.9591836734693879,0.7753423743169219
810,0.937869857773552,0.9883216549883217,0.8,0.7809320255418781
811,0.8848254385837415,0.7062249726974882,0.8585858585858587,0.7784781337526402
812,0.9346150004993509,0.63746826260428,0.8556701030927836,0.7932793519539472
813,0.8275113656233607,0.9948212083847102,0.8279569892473118,0.761775615237595
814,0.8784053236539624,0.7064386317907445,0.911764705882353,0.7915128987758525
815,0.9070335698256908,0.9941894247530505,0.9249999999999999,0.8048068826638708
816,0.915751870408232,0.7024401800521203,0.8039215686274508,0.7829051305969362
817,0.937224314147391,0.691257547912838,0.7948717948717947,0.7996854467851917
818,0.9594713656387666,0.9536727879799666,0.7543859649122806,0.8079247383386947
819,0.9676487579433853,0.9602808865481677,0.7142857142857143,0.7930020479498092
820,0.9643916913946587,0.9697732997481109,0.8947368421052632,0.8408134883139908
821,0.9628157435399413,0.5302263648468708,0.8378378378378379,0.8214862440622708
822,0.8981685123795202,0.9862155388471178,0.7876106194690264,0.7813704077003422
823,0.8547904191616766,0.9389701207883026,0.8285714285714286,0.8058187303828032
824,0.9738717339667459,0.9775549188156638,0.8333333333333333,0.8516039103390346
825,0.9574984777562127,0.9567053854276664,0.7499999999999999,0.7911039683748347
826,0.9346150004993509,0.63746826260428,0.8556701030927836,0.7932793519539472
827,0.8651367725353406,0.9924002533248891,0.7966101694915255,0.7744771745552028
828,0.9234296590750429,0.9974271012006861,0.8350515463917526,0.794530512681609
829,0.8405148072755926,0.989589905362776,0.814814814814815,0.7745485334604413
830,0.9535817934481452,0.6235074626865671,0.8695652173913044,0.8179430701864792
831,0.9643916913946587,0.9697732997481109,0.8947368421052632,0.8408134883139908
832,0.9450061808869934,0.3706874842608915,0.8974358974358974,0.8092150319179334
833,0.9358546071001197,0.6477027997128499,0.8181818181818181,0.798515295804952
834,0.7676289657720177,0.483187885010267,1.0,0.7685435333468953
835,0.9788359788359788,0.9890948745910578,0.8181818181818181,0.845545046988744
836,0.9523782246111836,0.9837442427526416,0.724770642201835,0.7695760722544724
837,0.942428406529984,0.6301518438177874,0.8421052631578947,0.8211590830808626
838,0.9738717339667459,0.9775549188156638,0.8333333333333333,0.8516039103390346
839,0.9503025132676667,0.6964141821112007,0.7575757575757577,0.78496016436369
840,0.937224314147391,0.691257547912838,0.7948717948717947,0.7996854467851917
841,0.9738717339667459,0.9775549188156638,0.8333333333333333,0.8516039103390346
842,0.769832524345021,0.4927944156721459,1.0,0.7692944360237189
843,0.9081081081081082,0.6315485362095532,0.8974358974358974,0.7933711904634019
844,0.9074795578817116,0.9749441825849665,0.736111111111111,0.7573734131647891
845,0.9207936839197619,0.636056838365897,0.8526315789473685,0.7904371969275629
846,0.9738717339667459,0.9775549188156638,0.8333333333333333,0.8516039103390346
847,0.9487733140016693,0.44853764779091476,0.7662337662337662,0.7600492892508272
848,0.8310149230255008,0.5290605095541401,1.0,0.7647308599196567
849,0.8502955426356589,0.9949717159019484,0.8666666666666667,0.7721225126188832
850,0.8651367725353406,0.9924002533248891,0.7966101694915255,0.7744771745552028
851,0.9125442948263642,0.9922027290448343,0.826086956521739,0.7982017498783113
852,0.8054779141277504,0.5656218144750255,1.0,0.7743030826539302
853,0.9258030858030858,0.7002406325197663,0.7397260273972603,0.7638650460470239
854,0.7088030249320572,0.11065235342691992,1.0,0.7749138497065612
855,0.9738717339667459,0.9775549188156638,0.8333333333333333,0.8516039103390346
856,0.937869857773552,0.9883216549883217,0.8,0.7809320255418781
857,0.8407062312879487,0.6687732342007435,0.902439024390244,0.7786462743448069
858,0.9761526232114467,0.9762681696825868,0.7222222222222222,0.7850169637186563
859,0.954645424774446,0.6298938894987194,0.8202247191011236,0.8051685673492808
860,0.8856741008639742,0.9963088280529068,0.8333333333333333,0.7803852967833199
861,0.9589637308437089,0.46219666152335526,0.9111111111111111,0.8095199947566445
862,0.9535817934481452,0.6235074626865671,0.8695652173913044,0.8179430701864792
863,0.7683230194107233,0.05648432698217576,1.0,0.7718763738104715
864,0.8686107416029265,0.7054488610987049,0.9272727272727271,0.8033733371569567
865,0.9594713656387666,0.9536727879799666,0.7543859649122806,0.8079247383386947
866,0.8199677469162278,0.9975535168195718,0.7611940298507461,0.7562251325611048
867,0.9569645732689211,0.626376045794804,0.8461538461538463,0.8085252125810592
868,0.9701616073304462,0.46460856216953783,0.875,0.8350378548251118
869,0.8199677469162278,0.9975535168195718,0.7611940298507461,0.7562251325611048
870,0.8405148072755926,0.989589905362776,0.814814814814815,0.7745485334604413
871,0.8651367725353406,0.9924002533248891,0.7966101694915255,0.7744771745552028
872,0.7676289657720177,0.483187885010267,1.0,0.7685435333468953
873,0.937869857773552,0.9883216549883217,0.8,0.7809320255418781
874,0.8848254385837415,0.7062249726974882,0.8585858585858587,0.7784781337526402
875,0.9397398874601884,0.9578402366863905,0.782608695652174,0.7916513438452604
876,0.8263469459836512,0.8110661268556005,0.8279569892473118,0.7725182792611898
877,0.79161328125,0.9967017109874253,0.8604651162790696,0.7663948634688436
878,0.8945957619349834,0.5439319055464031,0.875,0.7822440334428052
879,0.8336659315898463,0.7508227550540667,0.9322033898305084,0.770659298704011
880,0.9594713656387666,0.9536727879799666,0.7543859649122806,0.8079247383386947
881,0.9701616073304462,0.46460856216953783,0.875,0.8350378548251118
882,0.864478138222849,0.6119460500963392,0.8947368421052632,0.7967718128671716
883,0.7088030249320572,0.11065235342691992,1.0,0.7749138497065612
884,0.9532882178332649,0.4560076986527358,0.9069767441860465,0.812303824039645
885,0.944896369107247,0.6216577540106951,0.7647058823529413,0.7998095847344266
886,0.8748180494905385,0.9911399881866509,0.9240506329113926,0.8073098411296449
887,0.9738717339667459,0.9775549188156638,0.8333333333333333,0.8516039103390346
888,0.9156061620897522,0.9825960841189267,0.7342657342657343,0.7592374019491815
889,0.9535817934481452,0.6235074626865671,0.8695652173913044,0.8179430701864792
890,0.9081081081081082,0.6315485362095532,0.8974358974358974,0.7933711904634019
891,0.9738717339667459,0.9775549188156638,0.8333333333333333,0.8516039103390346
892,0.9628157435399413,0.5302263648468708,0.8378378378378379,0.8214862440622708
893,0.8848254385837415,0.7062249726974882,0.8585858585858587,0.7784781337526402
894,0.8275113656233607,0.9948212083847102,0.8279569892473118,0.761775615237595
895,0.9450061808869934,0.3706874842608915,0.8974358974358974,0.8092150319179334
896,0.9589637308437089,0.46219666152335526,0.9111111111111111,0.8095199947566445
897,0.9643916913946587,0.9697732997481109,0.8947368421052632,0.8408134883139908
898,0.9458174904942965,0.9599494097807757,0.7454545454545455,0.7976764960769724
899,0.9397398874601884,0.9578402366863905,0.782608695652174,0.7916513438452604
900,0.9650721336370539,0.97947932618683,0.8039215686274508,0.8159290285925482
901,0.9125442948263642,0.9922027290448343,0.826086956521739,0.7982017498783113
902,0.9285187575402739,0.7035994369595817,0.724770642201835,0.7696636951187974
903,0.8547904191616766,0.9389701207883026,0.8285714285714286,0.8058187303828032
904,0.9710376929157118,0.986362444269604,0.8153846153846154,0.8007460269577321
905,0.9565763548917205,0.6295857988165681,0.7570093457943925,0.7738127972677504
906,0.8613938609110334,0.3670940170940171,0.8787878787878789,0.7973374729099925
907,0.79161328125,0.9967017109874253,0.8604651162790696,0.7663948634688436
908,0.8775550702215269,0.7032149712092131,0.875,0.7858815113355938
909,0.8552605166695758,0.5416559856447065,0.8727272727272726,0.7711039151860479
910,0.8856741008639742,0.9963088280529068,0.8333333333333333,0.7803852967833199
911,0.8937421356668955,0.9813414019162885,0.7629629629629631,0.7660815243572904
912,0.8856741008639742,0.9963088280529068,0.8333333333333333,0.7803852967833199
913,0.944896369107247,0.6216577540106951,0.7647058823529413,0.7998095847344266
914,0.9650721336370539,0.97947932618683,0.8039215686274508,0.8159290285925482
915,0.930599695557193,0.9892761394101877,0.7752808988764045,0.7808154027828917
916,0.9738717339667459,0.9775549188156638,0.8333333333333333,0.8516039103390346
917,0.9589637308437089,0.46219666152335526,0.9111111111111111,0.8095199947566445
918,0.7556808247841315,0.6553042370181587,0.9459459459459462,0.7901579334518642
919,0.9270080437449432,0.9748731577675767,0.7404580152671755,0.7710659906435202
920,0.9285187575402739,0.7035994369595817,0.724770642201835,0.7696636951187974
921,0.862155388471178,0.7048762736535663,0.9036144578313254,0.7856326374599858
922,0.8092209738524979,0.9969107198022861,0.7966101694915255,0.7682892121699965
923,0.9450061808869934,0.3706874842608915,0.8974358974358974,0.8092150319179334
924,0.8250790305584826,0.7908603024882095,0.9277108433734942,0.768124204163356
925,0.8407062312879487,0.6687732342007435,0.902439024390244,0.7786462743448069
926,0.9092165084528825,0.7041763341067285,0.7749999999999999,0.7825930567198542
927,0.9523782246111836,0.9837442427526416,0.724770642201835,0.7695760722544724
928,0.7486610509794329,0.6830401593096582,0.9487179487179488,0.7880420448009946
929,0.944784177593958,0.7026875699888018,0.902439024390244,0.8093869084547218
930,0.9589637308437089,0.46219666152335526,0.9111111111111111,0.8095199947566445
931,0.864478138222849,0.6119460500963392,0.8947368421052632,0.7967718128671716
932,0.9507442859599415,0.9903381642512077,0.7727272727272728,0.8061408151809132
933,0.937869857773552,0.9883216549883217,0.8,0.7809320255418781
934,0.7749395791574901,0.052536944428836274,1.0,0.7718348636033701
935,0.9214018720944843,0.6359743040685225,0.8526315789473685,0.7904866997155449
936,0.9081081081081082,0.6315485362095532,0.8974358974358974,0.7933711904634019
937,0.9091757910867909,0.7021226965243761,0.7560975609756097,0.7698315824804975
938,0.9650721336370539,0.97947932618683,0.8039215686274508,0.8159290285925482
939,0.9102028141678797,0.9850867678958786,0.8157894736842106,0.7840976441174407
940,0.9738717339667459,0.9775549188156638,0.8333333333333333,0.8516039103390346
941,0.8075595924724595,0.5645325203252032,1.0,0.7738918192679075
942,0.9258030858030858,0.7002406325197663,0.7397260273972603,0.7638650460470239
943,0.9074795578817116,0.9749441825849665,0.736111111111111,0.7573734131647891
944,0.9761526232114467,0.9762681696825868,0.7222222222222222,0.7850169637186563
945,0.9507442859599415,0.9903381642512077,0.7727272727272728,0.8061408151809132
946,0.8656796051754034,0.986773300522916,0.7941176470588236,0.7690270894616085
947,0.9574984777562127,0.9567053854276664,0.7499999999999999,0.7911039683748347
948,0.9450061808869934,0.3706874842608915,0.8974358974358974,0.8092150319179334
949,0.8921526813003612,0.997229916897507,0.9036144578313254,0.8107829742027115
950,0.8334552653786792,0.7512367491166078,0.9322033898305084,0.770407071423772
951,0.8856741008639742,0.9963088280529068,0.8333333333333333,0.7803852967833199
952,0.8656796051754034,0.986773300522916,0.7941176470588236,0.7690270894616085
953,0.9207936839197619,0.636056838365897,0.8526315789473685,0.7904371969275629
954,0.9710376929157118,0.986362444269604,0.8153846153846154,0.8007460269577321
955,0.864478138222849,0.6119460500963392,0.8947368421052632,0.7967718128671716
956,0.9721228903150068,0.6205701685304772,0.74,0.7977941325815358
957,0.7676289657720177,0.483187885010267,1.0,0.7685435333468953
958,0.9523782246111836,0.9837442427526416,0.724770642201835,0.7695760722544724
959,0.9701616073304462,0.46460856216953783,0.875,0.8350378548251118
960,0.9220444934730649,0.698961937716263,0.8636363636363636,0.787766259001361
961,0.9070335698256908,0.9941894247530505,0.9249999999999999,0.8048068826638708
962,0.8407062312879487,0.6687732342007435,0.902439024390244,0.7786462743448069
963,0.9074795578817116,0.9749441825849665,0.736111111111111,0.7573734131647891
964,0.9070335698256908,0.9941894247530505,0.9249999999999999,0.8048068826638708
965,0.8598337661661427,0.9962001266624446,0.8297872340425531,0.7947842168091208
966,0.9220444934730649,0.698961937716263,0.8636363636363636,0.787766259001361
967,0.9698832725699473,0.4493932352181771,0.8399999999999999,0.8115980565894707
968,0.8127317554240632,0.7589104214663234,0.8983050847457628,0.7725558487236996
969,0.85586971460743,0.5389221556886228,0.938144329896907,0.7862449191723953
970,0.9644012944983819,0.9680715197956578,0.8461538461538463,0.8498656764246406
971,0.8775550702215269,0.7032149712092131,0.875,0.7858815113355938
972,0.8656796051754034,0.986773300522916,0.7941176470588236,0.7690270894616085
973,0.9458174904942965,0.9599494097807757,0.7454545454545455,0.7976764960769724
974,0.7251088947067912,0.588421171425347,0.9767441860465117,0.775912424045262
975,0.9532882178332649,0.4560076986527358,0.9069767441860465,0.812303824039645
976,0.9270175438596491,0.9900542495479204,0.8105263157894738,0.7896180209241874
977,0.7762667895408728,0.9864657814096016,0.911764705882353,0.7893586141037039
978,0.8263469459836512,0.8110661268556005,0.8279569892473118,0.7725182792611898
979,0.9430379746835443,0.9726408532344076,0.7230769230769232,0.770979331121407
980,0.8175742386268703,0.9960865561694291,0.911764705882353,0.7885710782382658
981,0.8312420362019574,0.6460319788763386,0.8163265306122448,0.7447972275200745
982,0.9030233037078509,0.6304725168756027,0.9178082191780823,0.7978746509489397
983,0.9181585677749361,0.9905902480752781,0.8076923076923077,0.7862314371571475
984,0.944896369107247,0.6216577540106951,0.7647058823529413,0.7998095847344266
985,0.8386744149394026,0.5523903889026505,0.9266055045871558,0.7759420299025521
986,0.9070958302852963,0.990985390115014,0.8604651162790696,0.7982379065343161
987,0.954645424774446,0.6298938894987194,0.8202247191011236,0.8051685673492808
988,0.9358546071001197,0.6477027997128499,0.8181818181818181,0.798515295804952
989,0.9081081081081082,0.6315485362095532,0.8974358974358974,0.7933711904634019
990,0.7638124318429662,0.30423706087422897,0.8974358974358974,0.7588092048148352
991,0.8656796051754034,0.986773300522916,0.7941176470588236,0.7690270894616085
992,0.915751870408232,0.7024401800521203,0.8039215686274508,0.7829051305969362
993,0.928030303030303,0.9713622291021672,0.7777777777777779,0.8033349321209045
994,0.9070958302852963,0.990985390115014,0.8604651162790696,0.7982379065343161
995,0.8742517560766296,0.7023467432950192,0.8461538461538463,0.7773748050272652
996,0.8391329117135569,0.7515337423312883,0.9101123595505618,0.7777337217247742
997,0.8748180494905385,0.9911399881866509,0.9240506329113926,0.8073098411296449
998,0.9156061620897522,0.9825960841189267,0.7342657342657343,0.7592374019491815
999,0.7986680883046966,0.7909921129099211,0.9076923076923076,0.7612367792450832
